,compactness,colour
0,15.948997449494826,0.31896700538121736
1,14.571739810431971,0.1456430394323251
2,9.002174919359147,0.19177969744710588
3,9.49023896102379,0.2289899802648796
4,18.01474232577945,0.22565835355145158
5,28.595307784964113,0.14009292332699774
6,12.987493061951541,0.18034007232178845
7,25.43210176812773,0.19379273990432588
8,19.745434932541976,0.2143033552961926
9,15.540522985839589,0.16145908461013403
